nbhd,nbhd_size,equiv_size,mse_nbhd,mse_equiv,mae_nbhd,mae_equiv,rmse_nbhd,rmse_equiv,mask
"[280, 1106, 1213, 1102, 74, 152, 1595, 540, 1605, 481]",44,154495,1.0836805743458975,0.6015994292227184,0.7820674089333881,0.5841890185197008,1.040999795555166,0.7756284092416409,true
"[1727, 110, 167, 221, 646, 149, 161, 1638, 568, 1682]",65,154474,0.9874942659877551,0.6015743661441141,0.7817155340061761,0.584162265963747,0.9937274606187328,0.775612252445843,true
"[1070, 950, 149, 1102, 256, 34, 1598, 588, 1145, 1770]",47,154492,1.4431609615439416,0.6014807057830991,1.0385281409203817,0.5841071548013552,1.2013163453245534,0.7755518717552676,true
"[1052, 1605, 399, 1106, 167, 674, 1014, 152, 1025, 1398]",56,154483,0.6659191546480694,0.6017134201845822,0.5686493384339624,0.5842510115627088,0.8160386967834733,0.7757018887334117,true
"[540, 1813, 504, 1131, 167, 1387, 551, 1612, 137, 481]",72,154467,0.6261338652003011,0.6017253143049366,0.6023465920223947,0.5842369206857686,0.7912862094086445,0.7757095553781302,true
"[1536, 1357, 34, 149, 674, 399, 152, 464, 1106, 1192]",40,154499,0.8637210091370797,0.6016688581975911,0.706650954386413,0.5842136670400377,0.9293659177832377,0.775673164546506,true
"[816, 105, 824, 1394, 504, 841, 197, 0, 183, 172]",183,154356,0.7071503363380701,0.6016117109246498,0.6015401414222354,0.5842248538204798,0.8409223129029638,0.7756363264601844,true
